route;date;hour;prediction
1;2025-11-01;0;5
1;2025-11-01;1;1
1;2025-11-01;2;1
1;2025-11-01;3;1
1;2025-11-01;4;10
1;2025-11-01;5;125
1;2025-11-01;6;499
1;2025-11-01;7;1512
1;2025-11-01;8;1982
1;2025-11-01;9;1512
1;2025-11-01;10;1371
1;2025-11-01;11;1372
1;2025-11-01;12;1423
1;2025-11-01;13;1478
1;2025-11-01;14;1418
1;2025-11-01;15;1554
1;2025-11-01;16;1587
1;2025-11-01;17;1858
1;2025-11-01;18;1827
1;2025-11-01;19;1357
1;2025-11-01;20;869
1;2025-11-01;21;472
1;2025-11-01;22;183
1;2025-11-01;23;41
1;2025-11-02;0;1
1;2025-11-02;1;1
1;2025-11-02;2;1
1;2025-11-02;3;1
1;2025-11-02;4;1
1;2025-11-02;5;21
1;2025-11-02;6;115
1;2025-11-02;7;271
1;2025-11-02;8;366
1;2025-11-02;9;638
1;2025-11-02;10;713
1;2025-11-02;11;756
1;2025-11-02;12;870
1;2025-11-02;13;882
1;2025-11-02;14;837
1;2025-11-02;15;746
1;2025-11-02;16;678
1;2025-11-02;17;595
1;2025-11-02;18;509
1;2025-11-02;19;437
1;2025-11-02;20;337
1;2025-11-02;21;275
1;2025-11-02;22;100
1;2025-11-02;23;27
1;2025-11-03;0;1
1;2025-11-03;1;1
1;2025-11-03;2;1
1;2025-11-03;3;1
1;2025-11-03;4;1
1;2025-11-03;5;21
1;2025-11-03;6;116
1;2025-11-03;7;269
1;2025-11-03;8;362
1;2025-11-03;9;618
1;2025-11-03;10;676
1;2025-11-03;11;697
1;2025-11-03;12;794
1;2025-11-03;13;828
1;2025-11-03;14;771
1;2025-11-03;15;691
1;2025-11-03;16;649
1;2025-11-03;17;576
1;2025-11-03;18;503
1;2025-11-03;19;434
1;2025-11-03;20;330
1;2025-11-03;21;268
1;2025-11-03;22;98
1;2025-11-03;23;26
1;2025-11-04;0;1
1;2025-11-04;1;1
1;2025-11-04;2;1
1;2025-11-04;3;1
1;2025-11-04;4;1
1;2025-11-04;5;21
1;2025-11-04;6;115
1;2025-11-04;7;261
1;2025-11-04;8;343
1;2025-11-04;9;589
1;2025-11-04;10;651
1;2025-11-04;11;680
1;2025-11-04;12;780
1;2025-11-04;13;804
1;2025-11-04;14;814
1;2025-11-04;15;734
1;2025-11-04;16;673
1;2025-11-04;17;603
1;2025-11-04;18;525
1;2025-11-04;19;451
1;2025-11-04;20;342
1;2025-11-04;21;277
1;2025-11-04;22;102
1;2025-11-04;23;27
1;2025-11-05;0;5
1;2025-11-05;1;1
1;2025-11-05;2;1
1;2025-11-05;3;1
1;2025-11-05;4;10
1;2025-11-05;5;126
1;2025-11-05;6;504
1;2025-11-05;7;1515
1;2025-11-05;8;1979
1;2025-11-05;9;1519
1;2025-11-05;10;1368
1;2025-11-05;11;1363
1;2025-11-05;12;1407
1;2025-11-05;13;1456
1;2025-11-05;14;1397
1;2025-11-05;15;1530
1;2025-11-05;16;1577
1;2025-11-05;17;1863
1;2025-11-05;18;1849
1;2025-11-05;19;1371
1;2025-11-05;20;879
1;2025-11-05;21;475
1;2025-11-05;22;182
1;2025-11-05;23;40
1;2025-11-06;0;5
1;2025-11-06;1;1
1;2025-11-06;2;1
1;2025-11-06;3;1
1;2025-11-06;4;10
1;2025-11-06;5;125
1;2025-11-06;6;499
1;2025-11-06;7;1515
1;2025-11-06;8;1974
1;2025-11-06;9;1522
1;2025-11-06;10;1370
1;2025-11-06;11;1338
1;2025-11-06;12;1433
1;2025-11-06;13;1485
1;2025-11-06;14;1409
1;2025-11-06;15;1519
1;2025-11-06;16;1572
1;2025-11-06;17;1865
1;2025-11-06;18;1845
1;2025-11-06;19;1375
1;2025-11-06;20;866
1;2025-11-06;21;478
1;2025-11-06;22;183
1;2025-11-06;23;40
1;2025-11-07;0;5
1;2025-11-07;1;1
1;2025-11-07;2;1
1;2025-11-07;3;1
1;2025-11-07;4;10
1;2025-11-07;5;125
1;2025-11-07;6;496
1;2025-11-07;7;1510
1;2025-11-07;8;1973
1;2025-11-07;9;1474
1;2025-11-07;10;1363
1;2025-11-07;11;1392
1;2025-11-07;12;1438
1;2025-11-07;13;1502
1;2025-11-07;14;1437
1;2025-11-07;15;1584
1;2025-11-07;16;1623
1;2025-11-07;17;1869
1;2025-11-07;18;1755
1;2025-11-07;19;1333
1;2025-11-07;20;865
1;2025-11-07;21;473
1;2025-11-07;22;180
1;2025-11-07;23;40
17;2025-11-01;0;126
17;2025-11-01;1;14
17;2025-11-01;2;1
17;2025-11-01;3;1
17;2025-11-01;4;26
17;2025-11-01;5;311
17;2025-11-01;6;1532
17;2025-11-01;7;4128
17;2025-11-01;8;5287
17;2025-11-01;9;3852
17;2025-11-01;10;3040
17;2025-11-01;11;3014
17;2025-11-01;12;3037
17;2025-11-01;13;3087
17;2025-11-01;14;3218
17;2025-11-01;15;3323
17;2025-11-01;16;3801
17;2025-11-01;17;4553
17;2025-11-01;18;4626
17;2025-11-01;19;3189
17;2025-11-01;20;2268
17;2025-11-01;21;1456
17;2025-11-01;22;711
17;2025-11-01;23;387
17;2025-11-02;0;185
17;2025-11-02;1;24
17;2025-11-02;2;1
17;2025-11-02;3;1
17;2025-11-02;4;4
17;2025-11-02;5;107
17;2025-11-02;6;437
17;2025-11-02;7;850
17;2025-11-02;8;1253
17;2025-11-02;9;1724
17;2025-11-02;10;2038
17;2025-11-02;11;2599
17;2025-11-02;12;2942
17;2025-11-02;13;3129
17;2025-11-02;14;3310
17;2025-11-02;15;3225
17;2025-11-02;16;3138
17;2025-11-02;17;2972
17;2025-11-02;18;2577
17;2025-11-02;19;2039
17;2025-11-02;20;1493
17;2025-11-02;21;1101
17;2025-11-02;22;675
17;2025-11-02;23;310
17;2025-11-03;0;182
17;2025-11-03;1;24
17;2025-11-03;2;1
17;2025-11-03;3;1
17;2025-11-03;4;4
17;2025-11-03;5;107
17;2025-11-03;6;437
17;2025-11-03;7;869
17;2025-11-03;8;1260
17;2025-11-03;9;1698
17;2025-11-03;10;1957
17;2025-11-03;11;2419
17;2025-11-03;12;2717
17;2025-11-03;13;2965
17;2025-11-03;14;3090
17;2025-11-03;15;3035
17;2025-11-03;16;3003
17;2025-11-03;17;2883
17;2025-11-03;18;2545
17;2025-11-03;19;2003
17;2025-11-03;20;1460
17;2025-11-03;21;1085
17;2025-11-03;22;669
17;2025-11-03;23;304
17;2025-11-04;0;183
17;2025-11-04;1;24
17;2025-11-04;2;1
17;2025-11-04;3;1
17;2025-11-04;4;4
17;2025-11-04;5;104
17;2025-11-04;6;439
17;2025-11-04;7;849
17;2025-11-04;8;1178
17;2025-11-04;9;1617
17;2025-11-04;10;1876
17;2025-11-04;11;2386
17;2025-11-04;12;2677
17;2025-11-04;13;2889
17;2025-11-04;14;3232
17;2025-11-04;15;3186
17;2025-11-04;16;3086
17;2025-11-04;17;2999
17;2025-11-04;18;2625
17;2025-11-04;19;2095
17;2025-11-04;20;1538
17;2025-11-04;21;1145
17;2025-11-04;22;710
17;2025-11-04;23;333
17;2025-11-05;0;124
17;2025-11-05;1;14
17;2025-11-05;2;1
17;2025-11-05;3;1
17;2025-11-05;4;26
17;2025-11-05;5;310
17;2025-11-05;6;1538
17;2025-11-05;7;4156
17;2025-11-05;8;5329
17;2025-11-05;9;3894
17;2025-11-05;10;3069
17;2025-11-05;11;3016
17;2025-11-05;12;3019
17;2025-11-05;13;3052
17;2025-11-05;14;3166
17;2025-11-05;15;3253
17;2025-11-05;16;3736
17;2025-11-05;17;4533
17;2025-11-05;18;4649
17;2025-11-05;19;3181
17;2025-11-05;20;2270
17;2025-11-05;21;1448
17;2025-11-05;22;699
17;2025-11-05;23;377
17;2025-11-06;0;124
17;2025-11-06;1;14
17;2025-11-06;2;1
17;2025-11-06;3;1
17;2025-11-06;4;26
17;2025-11-06;5;310
17;2025-11-06;6;1535
17;2025-11-06;7;4146
17;2025-11-06;8;5337
17;2025-11-06;9;3902
17;2025-11-06;10;3064
17;2025-11-06;11;2983
17;2025-11-06;12;3079
17;2025-11-06;13;3128
17;2025-11-06;14;3211
17;2025-11-06;15;3266
17;2025-11-06;16;3749
17;2025-11-06;17;4560
17;2025-11-06;18;4676
17;2025-11-06;19;3199
17;2025-11-06;20;2246
17;2025-11-06;21;1450
17;2025-11-06;22;699
17;2025-11-06;23;378
17;2025-11-07;0;126
17;2025-11-07;1;14
17;2025-11-07;2;1
17;2025-11-07;3;1
17;2025-11-07;4;25
17;2025-11-07;5;308
17;2025-11-07;6;1528
17;2025-11-07;7;4134
17;2025-11-07;8;5368
17;2025-11-07;9;3805
17;2025-11-07;10;3040
17;2025-11-07;11;3082
17;2025-11-07;12;3092
17;2025-11-07;13;3159
17;2025-11-07;14;3269
17;2025-11-07;15;3388
17;2025-11-07;16;3888
17;2025-11-07;17;4602
17;2025-11-07;18;4508
17;2025-11-07;19;3133
17;2025-11-07;20;2270
17;2025-11-07;21;1457
17;2025-11-07;22;694
17;2025-11-07;23;389
