feature,mean_abs_shap_lightgbm,mean_abs_shap_pytorch
temperature_c,26.70695791697061,65.79338493694233
level_28,19.073102878313343,61.16544382353588
hour,5.91403632784889,177.28419401217423
wind_speed_ms,5.107821687690003,17.56545199717971
route_id,4.88216167296526,234.69143199116522
precipitation_mm,4.435774094101679,4.756646228756022
day_of_week,4.151625784642629,20.968338388558553
is_rain,2.918633394433658,5.88901999519011
is_dayoff,2.3336766432773834,42.64921094472832
level_7,1.688021211546776,12.893745705265562
traffic_congestion_index,1.4602282105353541,46.174110671733025
p_daytype_56,1.3197057199024531,31.032538600698107
humidity_pct,1.2359172355800052,35.164009912237944
cloud_cover_pct,1.1219028212388642,9.938871856240247
p_daytype_28,1.1032086747179717,290.5060596517154
traffic_duration_s,0.900752052563671,14.056018741770076
is_sunday_profile,0.7638508525862694,31.98100752185534
p_hour_28,0.6894078473370018,29.669169808850075
p_dow_56,0.22924890807056963,20.56104155661719
is_holiday,0.0820863807907978,2.1437796646361242
is_short_day,0.061412495207262156,1.7106787900551312
snowfall_cm,0.0,3.4617827054125736
is_saturday_profile,0.0,22.22025217117407
is_snow,0.0,8.967434104741868
is_transfer_workday,0.0,0.3256611232877536
