feature,mean_abs_shap
temperature_c,26.70695791697061
level_28,19.073102878313343
hour,5.91403632784889
wind_speed_ms,5.107821687690003
route_id,4.88216167296526
precipitation_mm,4.435774094101679
day_of_week,4.151625784642629
is_rain,2.918633394433658
is_dayoff,2.3336766432773834
level_7,1.688021211546776
traffic_congestion_index,1.4602282105353541
p_daytype_56,1.3197057199024531
humidity_pct,1.2359172355800052
cloud_cover_pct,1.1219028212388642
p_daytype_28,1.1032086747179717
traffic_duration_s,0.900752052563671
is_sunday_profile,0.7638508525862694
p_hour_28,0.6894078473370018
p_dow_56,0.22924890807056963
is_holiday,0.0820863807907978
is_short_day,0.061412495207262156
snowfall_cm,0.0
is_saturday_profile,0.0
is_snow,0.0
is_transfer_workday,0.0
